id_transaksi,tanggal_transaksi,id_pelanggan,id_produk,jumlah_item,harga_satuan,subtotal,diskon_persen,diskon_nominal,biaya_custom,biaya_ongkir,total_pembayaran,metode_pembayaran,status_pembayaran,status_pesanan,channel_penjualan,catatan_pesanan,waktu_pengerjaan_hari,rating_pelanggan,tanggal_selesai
TRX0001,2025-01-23 13:05:58,C138,P015,1,205000,205000,20,41000,0,35000,199000,Transfer Bank,Lunas,Selesai,WhatsApp,,2,5,2025-01-25
TRX0002,2025-01-02 20:30:57,C040,P021,1,185000,185000,0,0,0,15000,200000,Transfer Bank,Lunas,Selesai,Instagram,,4,5,2025-01-06
TRX0003,2025-01-04 12:07:51,C118,P010,1,175000,175000,5,8750,0,35000,201250,Transfer Bank,Lunas,Diterima,Instagram,,6,5,2025-01-10
TRX0004,2025-01-11 14:37:19,C085,P005,2,225000,450000,20,90000,0,0,360000,Transfer Bank,Lunas,Diterima,Instagram,,5,5,2025-01-16
TRX0005,2025-01-04 10:00:46,C013,P021,1,185000,185000,20,37000,0,0,148000,Transfer Bank,Lunas,Diterima,Instagram,,3,5,2025-01-07
TRX0006,2025-01-28 11:54:01,C060,P043,1,68000,68000,10,6800,0,15000,76200,E-wallet,Lunas,Diterima,Instagram,,3,4,2025-02-01
TRX0007,2025-01-03 13:28:29,C159,P048,1,48000,48000,0,0,0,20000,68000,Transfer Bank,Lunas,Diterima,WhatsApp,Pengerjaan dipercepat,5,5,2025-01-08
TRX0008,2025-01-20 14:08:00,C051,P025,1,165000,165000,0,0,0,35000,200000,E-wallet,Lunas,Diterima,Offline,,4,5,2025-01-24
TRX0009,2025-01-25 11:32:39,C176,P011,1,95000,95000,0,0,0,10000,105000,Transfer Bank,DP,Proses,WhatsApp,,2,,
TRX0010,2025-01-05 14:26:59,C080,P001,1,85000,85000,0,0,75000,15000,175000,Transfer Bank,Lunas,Diterima,Marketplace,,3,4,2025-01-08
TRX0011,2025-01-28 21:02:47,C153,P009,1,135000,135000,0,0,25000,10000,170000,Transfer Bank,Lunas,Diterima,WhatsApp,,4,5,2025-02-02
TRX0012,2025-01-06 14:31:30,C151,P014,3,185000,555000,0,0,50000,45000,650000,Transfer Bank,Lunas,Proses,Offline,,2,,
TRX0013,2025-01-08 21:10:25,C053,P010,1,175000,175000,5,8750,0,35000,201250,E-wallet,Lunas,Diterima,Instagram,,6,5,2025-01-14
TRX0014,2025-01-02 15:01:12,C063,P023,1,395000,395000,0,0,0,15000,410000,Transfer Bank,Belum Bayar,Dibatalkan,Instagram,,0,,
TRX0015,2025-01-27 13:10:39,C032,P040,1,65000,65000,20,13000,0,35000,87000,COD,Belum Bayar,Diterima,WhatsApp,,3,4,2025-01-30
TRX0016,2025-01-09 15:57:56,C056,P030,1,425000,425000,0,0,0,35000,460000,E-wallet,DP,Diterima,Offline,,4,4,2025-01-13
TRX0017,2025-01-18 09:04:35,C107,P005,1,225000,225000,0,0,0,15000,240000,E-wallet,DP,Diterima,Marketplace,,2,5,2025-01-20
TRX0018,2025-01-05 09:56:02,C017,P018,1,485000,485000,0,0,0,0,485000,Transfer Bank,Belum Bayar,Diterima,Instagram,,5,4,2025-01-10
TRX0019,2025-01-15 13:50:49,C117,P009,2,135000,270000,0,0,0,25000,295000,E-wallet,Lunas,Proses,Instagram,,3,,
TRX0020,2025-01-21 12:36:41,C053,P006,1,55000,55000,0,0,0,25000,80000,Transfer Bank,Lunas,Diterima,Instagram,Pengerjaan dipercepat,3,5,2025-01-24
TRX0021,2025-01-16 15:31:25,C032,P010,1,175000,175000,20,35000,0,25000,165000,E-wallet,Lunas,Diterima,WhatsApp,,3,4,2025-01-19
TRX0022,2025-01-24 21:27:52,C076,P021,1,185000,185000,0,0,0,20000,205000,E-wallet,Lunas,Diterima,Instagram,,5,4,2025-01-29
TRX0023,2025-02-08 10:57:27,C068,P022,1,585000,585000,0,0,0,15000,600000,Transfer Bank,Lunas,Diterima,WhatsApp,,1,5,2025-02-09
TRX0024,2025-02-07 12:13:51,C076,P014,1,185000,185000,0,0,0,15000,200000,Transfer Bank,Lunas,Diterima,Instagram,Pengerjaan dipercepat,2,5,2025-02-09
TRX0025,2025-02-06 19:20:13,C112,P031,2,395000,790000,0,0,0,25000,815000,E-wallet,Belum Bayar,Proses,WhatsApp,Pengerjaan dipercepat,2,,
TRX0026,2025-02-16 10:29:07,C027,P028,1,525000,525000,0,0,0,25000,550000,Transfer Bank,Lunas,Diterima,WhatsApp,,3,5,2025-02-19
TRX0027,2025-02-05 18:40:42,C036,P029,1,595000,595000,0,0,0,25000,620000,COD,Belum Bayar,Diterima,WhatsApp,,2,5,2025-02-07
TRX0028,2025-02-20 18:25:43,C123,P023,1,395000,395000,0,0,0,0,395000,E-wallet,Lunas,Diterima,WhatsApp,Custom sesuai foto,5,5,2025-02-25
TRX0029,2025-02-03 11:22:20,C122,P038,1,185000,185000,0,0,0,15000,200000,Transfer Bank,Lunas,Diterima,Instagram,,6,5,2025-02-09
TRX0030,2025-02-03 11:17:50,C069,P037,1,95000,95000,0,0,0,25000,120000,Transfer Bank,DP,Diterima,Instagram,,5,5,2025-02-08
TRX0031,2025-02-26 20:17:02,C081,P025,1,165000,165000,10,16500,0,15000,163500,Transfer Bank,Lunas,Dibatalkan,Instagram,,0,,
TRX0032,2025-02-16 14:27:09,C047,P017,1,425000,425000,0,0,0,45000,470000,Transfer Bank,Lunas,Proses,Marketplace,,3,,
TRX0033,2025-02-16 10:21:36,C146,P007,1,285000,285000,0,0,0,15000,300000,E-wallet,Lunas,Diterima,Marketplace,Custom sesuai foto,5,4,2025-02-21
TRX0034,2025-02-12 13:26:15,C040,P026,2,450000,900000,0,0,0,0,900000,COD,Lunas,Diterima,Instagram,,4,5,2025-02-16
TRX0035,2025-02-26 11:08:39,C101,P025,1,165000,165000,5,8250,0,35000,191750,Transfer Bank,Lunas,Diterima,WhatsApp,Custom sesuai foto,2,5,2025-02-28
TRX0036,2025-02-02 09:43:14,C063,P046,2,195000,390000,0,0,0,0,390000,Transfer Bank,Lunas,Diterima,WhatsApp,Mohon dikemas rapi,4,3,2025-02-06
TRX0037,2025-02-02 13:56:20,C076,P046,1,195000,195000,0,0,0,20000,215000,Transfer Bank,Lunas,Diterima,Offline,,3,3,2025-02-05
TRX0038,2025-02-26 09:51:08,C003,P024,2,245000,490000,0,0,0,35000,525000,COD,Belum Bayar,Diterima,Marketplace,,2,5,2025-02-28
TRX0039,2025-02-19 14:44:40,C085,P046,3,195000,585000,5,29250,0,10000,565750,Transfer Bank,Lunas,Diterima,WhatsApp,,3,5,2025-02-22
TRX0040,2025-02-25 21:44:33,C158,P020,3,215000,645000,0,0,0,15000,660000,Transfer Bank,Belum Bayar,Diterima,WhatsApp,,3,5,2025-02-28
TRX0041,2025-02-05 14:53:24,C035,P041,1,55000,55000,0,0,0,0,55000,Transfer Bank,Lunas,Diterima,Instagram,,4,5,2025-02-09
TRX0042,2025-02-27 10:18:32,C126,P029,1,595000,595000,0,0,0,10000,605000,Transfer Bank,Lunas,Proses,WhatsApp,,2,,
TRX0043,2025-02-03 21:46:28,C162,P008,2,145000,290000,0,0,0,15000,305000,Transfer Bank,Lunas,Diterima,WhatsApp,,3,4,2025-02-06
TRX0044,2025-02-14 21:33:48,C087,P003,1,155000,155000,0,0,0,25000,180000,E-wallet,DP,Diterima,Instagram,,3,4,2025-02-17
TRX0045,2025-02-12 11:11:13,C046,P044,1,75000,75000,0,0,0,20000,95000,Transfer Bank,Lunas,Proses,Offline,,2,,
TRX0046,2025-02-23 10:12:30,C060,P009,1,135000,135000,0,0,0,0,135000,Transfer Bank,Lunas,Diterima,Marketplace,,2,5,2025-02-25
TRX0047,2025-02-24 14:05:46,C114,P034,1,485000,485000,0,0,0,10000,495000,Transfer Bank,DP,Diterima,WhatsApp,,4,4,2025-02-28
TRX0048,2025-02-27 11:38:37,C141,P005,1,225000,225000,0,0,0,25000,250000,E-wallet,Lunas,Diterima,Marketplace,,4,5,2025-02-31
TRX0049,2025-02-15 20:30:10,C142,P008,1,145000,145000,0,0,50000,15000,210000,E-wallet,Lunas,Diterima,WhatsApp,,3,4,2025-02-18
TRX0050,2025-02-17 11:56:25,C083,P010,3,175000,525000,0,0,0,10000,535000,E-wallet,Lunas,Diterima,WhatsApp,,4,5,2025-02-21
TRX0051,2025-02-02 21:29:26,C021,P014,2,185000,370000,10,37000,25000,10000,368000,Transfer Bank,Lunas,Dibatalkan,WhatsApp,,0,,
TRX0052,2025-02-17 11:22:19,C161,P050,1,165000,165000,0,0,0,15000,180000,E-wallet,Lunas,Dibatalkan,Offline,,0,,
TRX0053,2025-02-11 14:24:28,C106,P010,2,175000,350000,0,0,25000,15000,390000,Transfer Bank,Lunas,Diterima,Instagram,,4,5,2025-02-15
TRX0054,2025-02-19 19:15:20,C024,P035,2,545000,1090000,0,0,0,35000,1125000,Transfer Bank,Lunas,Dibatalkan,WhatsApp,,0,,
TRX0055,2025-02-22 21:11:55,C162,P024,1,245000,245000,0,0,0,10000,255000,Transfer Bank,Lunas,Dikirim,Instagram,,4,,
TRX0056,2025-02-20 09:45:20,C049,P033,1,435000,435000,0,0,0,25000,460000,COD,Belum Bayar,Diterima,Offline,,6,3,2025-02-26
TRX0057,2025-02-03 15:58:59,C073,P029,1,595000,595000,0,0,0,10000,605000,Transfer Bank,Lunas,Diterima,Instagram,Custom sesuai foto,6,5,2025-02-09
TRX0058,2025-02-02 14:09:45,C148,P040,1,65000,65000,0,0,0,0,65000,COD,Belum Bayar,Diterima,Marketplace,,5,5,2025-02-07
TRX0059,2025-02-25 12:05:50,C157,P011,1,95000,95000,0,0,0,0,95000,E-wallet,Lunas,Diterima,Offline,,1,5,2025-02-26
TRX0060,2025-02-11 14:55:17,C089,P025,3,165000,495000,0,0,0,25000,520000,COD,Lunas,Diterima,WhatsApp,,4,2,2025-02-15
TRX0061,2025-01-04 18:24:26,C089,P010,1,175000,175000,0,0,0,25000,200000,COD,Belum Bayar,Diterima,WhatsApp,,2,4,2025-01-06
TRX0062,2025-01-19 13:04:07,C027,P036,2,175000,350000,0,0,0,25000,375000,COD,Lunas,Diterima,Instagram,,3,5,2025-01-22
TRX0063,2025-01-10 10:00:44,C149,P045,1,245000,245000,0,0,0,10000,255000,COD,Belum Bayar,Dibatalkan,Instagram,,0,,
TRX0064,2025-01-10 10:53:30,C153,P005,1,225000,225000,10,22500,0,0,202500,Transfer Bank,Lunas,Diterima,WhatsApp,Mohon dikemas rapi,5,5,2025-01-15
TRX0065,2025-01-11 20:30:20,C052,P018,1,485000,485000,0,0,0,25000,510000,E-wallet,Lunas,Diterima,WhatsApp,,4,3,2025-01-15
TRX0066,2025-01-09 14:11:36,C006,P046,1,195000,195000,0,0,0,0,195000,Transfer Bank,DP,Diterima,Instagram,,2,5,2025-01-11
TRX0067,2025-01-13 09:29:16,C001,P006,2,55000,110000,0,0,0,25000,135000,E-wallet,Lunas,Diterima,WhatsApp,,4,4,2025-01-17
TRX0068,2025-01-25 19:24:34,C072,P003,2,155000,310000,0,0,0,45000,355000,Transfer Bank,Lunas,Diterima,WhatsApp,,4,4,2025-01-29
TRX0069,2025-01-04 21:38:37,C150,P039,1,275000,275000,20,55000,0,15000,235000,COD,Lunas,Selesai,Marketplace,,7,4,2025-01-11
TRX0070,2025-01-17 10:17:16,C098,P018,3,485000,1455000,20,291000,0,0,1164000,Transfer Bank,Lunas,Selesai,Offline,,5,5,2025-01-22
TRX0071,2025-01-16 17:04:12,C117,P047,2,85000,170000,0,0,0,15000,185000,E-wallet,Lunas,Diterima,Instagram,,6,5,2025-01-22
TRX0072,2025-01-05 10:58:34,C107,P050,1,165000,165000,10,16500,0,15000,163500,Transfer Bank,Lunas,Selesai,WhatsApp,,4,5,2025-01-09
TRX0073,2025-01-01 19:50:42,C116,P010,1,175000,175000,0,0,0,15000,190000,Transfer Bank,Lunas,Diterima,Marketplace,,6,5,2025-01-07
TRX0074,2025-01-18 09:53:51,C020,P014,1,185000,185000,20,37000,0,45000,193000,E-wallet,Lunas,Proses,WhatsApp,,5,,
TRX0075,2025-01-03 18:10:46,C055,P030,1,425000,425000,0,0,0,25000,450000,Transfer Bank,Lunas,Dikirim,Instagram,,2,,
TRX0076,2025-01-27 14:49:31,C096,P029,1,595000,595000,0,0,0,0,595000,Transfer Bank,Lunas,Diterima,Offline,,5,5,2025-02-01
TRX0077,2025-01-11 15:46:31,C068,P018,1,485000,485000,5,24250,0,20000,480750,Transfer Bank,Lunas,Selesai,WhatsApp,,6,5,2025-01-17
TRX0078,2025-01-15 20:01:32,C171,P013,1,165000,165000,0,0,0,10000,175000,E-wallet,Lunas,Diterima,WhatsApp,,5,5,2025-01-20
TRX0079,2025-01-17 08:55:59,C092,P042,1,85000,85000,0,0,0,15000,100000,Transfer Bank,DP,Diterima,Instagram,,3,4,2025-01-20
TRX0080,2025-01-16 13:44:31,C138,P044,1,75000,75000,10,7500,0,25000,92500,E-wallet,DP,Diterima,Marketplace,,3,5,2025-01-19
TRX0081,2025-01-16 18:13:12,C163,P005,1,225000,225000,0,0,0,15000,240000,Transfer Bank,Lunas,Diterima,Instagram,,3,5,2025-01-19
TRX0082,2025-01-06 17:09:45,C005,P004,2,195000,390000,0,0,0,45000,435000,E-wallet,Lunas,Dibatalkan,Instagram,Custom sesuai foto,0,,
TRX0083,2025-01-22 14:42:58,C067,P028,1,525000,525000,0,0,0,0,525000,COD,Lunas,Dibatalkan,WhatsApp,,0,,
TRX0084,2025-01-03 19:41:52,C174,P032,1,465000,465000,0,0,0,45000,510000,COD,Belum Bayar,Diterima,Instagram,,4,3,2025-01-07
TRX0085,2025-01-15 10:48:45,C013,P003,1,155000,155000,0,0,0,10000,165000,E-wallet,Belum Bayar,Diterima,Marketplace,,4,5,2025-01-19
TRX0086,2025-01-02 19:35:43,C064,P011,1,95000,95000,0,0,0,0,95000,E-wallet,Lunas,Diterima,Instagram,,5,5,2025-01-07
TRX0087,2025-01-06 14:41:12,C036,P036,2,175000,350000,10,35000,0,35000,350000,E-wallet,Lunas,Diterima,Offline,,4,5,2025-01-10
TRX0088,2025-01-05 14:07:01,C136,P049,1,72000,72000,0,0,0,15000,87000,COD,Lunas,Diterima,WhatsApp,Custom sesuai foto,5,5,2025-01-10
TRX0089,2025-01-26 11:34:36,C147,P008,3,145000,435000,0,0,0,10000,445000,E-wallet,Lunas,Proses,Instagram,,4,,
TRX0090,2025-01-27 14:25:10,C072,P028,1,525000,525000,0,0,0,35000,560000,E-wallet,Lunas,Diterima,WhatsApp,,5,4,2025-02-01
TRX0091,2025-02-06 14:56:57,C056,P004,1,195000,195000,0,0,0,35000,230000,E-wallet,Lunas,Dikirim,Offline,,5,,
TRX0092,2025-02-16 15:31:28,C035,P029,1,595000,595000,5,29750,0,15000,580250,COD,Belum Bayar,Diterima,Instagram,,2,5,2025-02-18
TRX0093,2025-02-17 11:18:34,C107,P016,1,350000,350000,0,0,0,10000,360000,Transfer Bank,Lunas,Diterima,WhatsApp,Mohon dikemas rapi,4,4,2025-02-21
TRX0094,2025-02-16 14:11:14,C057,P019,1,625000,625000,0,0,0,15000,640000,Transfer Bank,DP,Diterima,WhatsApp,Custom sesuai foto,3,4,2025-02-19
TRX0095,2025-02-26 19:18:52,C051,P039,1,275000,275000,0,0,0,35000,310000,COD,Lunas,Diterima,WhatsApp,,3,5,2025-03-01
TRX0096,2025-02-19 10:57:41,C043,P045,1,245000,245000,0,0,0,0,245000,Transfer Bank,Lunas,Dikirim,WhatsApp,,1,,
TRX0097,2025-02-27 14:02:31,C051,P013,1,165000,165000,0,0,0,35000,200000,Transfer Bank,Lunas,Diterima,Instagram,,4,4,2025-03-03
TRX0098,2025-02-03 10:21:23,C016,P039,1,275000,275000,0,0,0,10000,285000,Transfer Bank,DP,Diterima,Instagram,,2,3,2025-02-05
TRX0099,2025-02-11 08:57:46,C133,P050,1,165000,165000,15,24750,0,15000,155250,E-wallet,DP,Diterima,Instagram,,3,5,2025-02-14
TRX0100,2025-02-06 14:31:01,C024,P008,1,145000,145000,0,0,0,25000,170000,Transfer Bank,Lunas,Diterima,WhatsApp,,2,4,2025-02-08
TRX0101,2025-02-04 09:12:46,C079,P004,1,195000,195000,0,0,50000,25000,270000,Transfer Bank,Lunas,Diterima,WhatsApp,,3,5,2025-02-07
TRX0102,2025-02-21 21:12:44,C167,P035,1,545000,545000,0,0,0,0,545000,E-wallet,Lunas,Proses,Instagram,,4,,
TRX0103,2025-02-11 10:32:51,C058,P024,2,245000,490000,0,0,0,20000,510000,Transfer Bank,Lunas,Diterima,Instagram,,4,5,2025-02-15
TRX0104,2025-02-07 19:53:34,C029,P044,1,75000,75000,0,0,0,20000,95000,COD,Lunas,Dibatalkan,WhatsApp,,0,,
TRX0105,2025-02-08 13:36:49,C019,P046,3,195000,585000,10,58500,0,25000,551500,Transfer Bank,Lunas,Diterima,WhatsApp,Pengerjaan dipercepat,7,5,2025-02-15
TRX0106,2025-02-19 20:30:55,C031,P029,1,595000,595000,0,0,0,15000,610000,E-wallet,Lunas,Diterima,Instagram,,3,5,2025-02-22
TRX0107,2025-02-21 14:05:32,C001,P018,2,485000,970000,0,0,0,35000,1005000,Transfer Bank,Lunas,Proses,Instagram,,7,,
TRX0108,2025-03-09 12:30:32,C171,P043,2,68000,136000,0,0,0,0,136000,Transfer Bank,Lunas,Diterima,WhatsApp,,3,5,2025-03-12
TRX0109,2025-03-19 20:56:12,C118,P030,3,425000,1275000,0,0,0,25000,1300000,Transfer Bank,Lunas,Selesai,Marketplace,,1,4,2025-03-20
TRX0110,2025-03-10 21:44:22,C057,P039,2,275000,550000,0,0,0,15000,565000,Transfer Bank,Belum Bayar,Selesai,Instagram,,3,5,2025-03-13
TRX0111,2025-03-24 19:43:36,C044,P029,1,595000,595000,0,0,0,25000,620000,Transfer Bank,Lunas,Diterima,Instagram,,4,5,2025-03-28
TRX0112,2025-03-26 15:49:48,C154,P001,1,85000,85000,0,0,25000,0,110000,Transfer Bank,Lunas,Diterima,WhatsApp,Kirim via JNE,2,5,2025-03-28
TRX0113,2025-03-28 16:06:18,C116,P005,1,225000,225000,5,11250,25000,15000,253750,COD,Belum Bayar,Dikirim,Instagram,Mohon dikemas rapi,6,,
TRX0114,2025-03-17 19:07:10,C060,P027,1,385000,385000,0,0,0,0,385000,Transfer Bank,DP,Diterima,Instagram,,5,4,2025-03-22
TRX0115,2025-03-02 16:57:47,C055,P002,2,125000,250000,0,0,0,45000,295000,Transfer Bank,Lunas,Diterima,WhatsApp,,3,4,2025-03-05
TRX0116,2025-03-26 10:42:02,C164,P003,1,155000,155000,0,0,0,20000,175000,COD,Belum Bayar,Diterima,WhatsApp,,4,4,2025-03-30
TRX0117,2025-03-16 12:22:17,C006,P005,1,225000,225000,0,0,0,15000,240000,E-wallet,Lunas,Diterima,Offline,,4,5,2025-03-20
TRX0118,2025-03-01 12:03:08,C090,P012,1,115000,115000,0,0,0,25000,140000,Transfer Bank,DP,Selesai,WhatsApp,,2,4,2025-03-03
TRX0119,2025-03-27 12:40:13,C132,P031,2,395000,790000,0,0,0,35000,825000,Transfer Bank,Lunas,Diterima,WhatsApp,,4,4,2025-03-31
TRX0120,2025-03-15 21:46:32,C064,P039,1,275000,275000,0,0,0,10000,285000,Transfer Bank,Lunas,Diterima,Offline,,2,4,2025-03-17
TRX0121,2025-03-19 20:43:02,C058,P028,2,525000,1050000,0,0,0,20000,1070000,Transfer Bank,DP,Diterima,WhatsApp,,5,5,2025-03-24
TRX0122,2025-03-19 21:36:00,C100,P045,1,245000,245000,0,0,0,15000,260000,Transfer Bank,Lunas,Diterima,Instagram,,5,5,2025-03-24
TRX0123,2025-03-11 09:30:39,C142,P026,2,450000,900000,0,0,0,15000,915000,E-wallet,Lunas,Diterima,WhatsApp,,3,2,2025-03-14
TRX0124,2025-03-01 20:35:39,C125,P027,1,385000,385000,15,57750,0,45000,372250,Transfer Bank,Lunas,Selesai,Instagram,,5,5,2025-03-06
TRX0125,2025-03-08 13:31:54,C056,P008,1,145000,145000,0,0,0,25000,170000,Transfer Bank,Lunas,Proses,Instagram,,1,,
TRX0126,2025-03-17 16:59:27,C144,P043,1,68000,68000,0,0,0,25000,93000,Transfer Bank,Lunas,Diterima,Instagram,Pengerjaan dipercepat,4,5,2025-03-21
TRX0127,2025-03-03 13:31:09,C105,P006,1,55000,55000,0,0,0,15000,70000,COD,Belum Bayar,Diterima,WhatsApp,,5,5,2025-03-08
TRX0128,2025-03-22 12:09:44,C130,P036,2,175000,350000,0,0,0,10000,360000,E-wallet,Lunas,Diterima,Instagram,,4,5,2025-03-26
TRX0129,2025-03-09 21:56:28,C049,P048,1,48000,48000,0,0,0,25000,73000,Transfer Bank,Belum Bayar,Diterima,Instagram,,6,4,2025-03-15
TRX0130,2025-03-18 12:40:26,C098,P040,2,65000,130000,10,13000,0,0,117000,Transfer Bank,Lunas,Diterima,Instagram,,4,5,2025-03-22
TRX0131,2025-03-08 16:21:29,C085,P028,1,525000,525000,0,0,0,10000,535000,COD,Belum Bayar,Selesai,Marketplace,Pengerjaan dipercepat,4,3,2025-03-12
TRX0132,2025-04-24 21:39:06,C071,P019,1,625000,625000,0,0,0,35000,660000,Transfer Bank,Lunas,Diterima,WhatsApp,,2,4,2025-04-26
TRX0133,2025-04-18 09:17:19,C067,P007,1,285000,285000,0,0,0,0,285000,E-wallet,Lunas,Diterima,Instagram,,6,5,2025-04-24
TRX0134,2025-04-09 11:02:19,C068,P028,1,525000,525000,0,0,0,20000,545000,COD,Lunas,Diterima,Offline,Kirim via JNE,3,5,2025-04-12
TRX0135,2025-04-09 20:08:41,C089,P029,1,595000,595000,0,0,0,45000,640000,Transfer Bank,Lunas,Diterima,Instagram,Kirim via JNE,3,5,2025-04-12
TRX0136,2025-04-10 12:46:20,C066,P043,1,68000,68000,20,13600,0,25000,79400,E-wallet,Lunas,Diterima,Marketplace,,2,3,2025-04-12
TRX0137,2025-04-11 13:05:41,C149,P032,1,465000,465000,0,0,0,0,465000,E-wallet,Lunas,Diterima,Instagram,,5,5,2025-04-16
TRX0138,2025-04-17 13:01:04,C064,P035,1,545000,545000,15,81750,0,10000,473250,Transfer Bank,Lunas,Selesai,WhatsApp,Kirim via JNE,4,4,2025-04-21
TRX0139,2025-04-17 12:54:55,C025,P023,1,395000,395000,0,0,0,10000,405000,Transfer Bank,Lunas,Diterima,Marketplace,,4,5,2025-04-21
TRX0140,2025-04-13 10:34:20,C146,P019,1,625000,625000,5,31250,0,15000,608750,Transfer Bank,Lunas,Diterima,WhatsApp,,4,2,2025-04-17
TRX0141,2025-04-17 19:55:46,C118,P033,1,435000,435000,0,0,0,25000,460000,Transfer Bank,Lunas,Diterima,WhatsApp,,3,4,2025-04-20
TRX0142,2025-04-02 12:52:15,C069,P042,1,85000,85000,0,0,0,25000,110000,Transfer Bank,Lunas,Diterima,Instagram,Pengerjaan dipercepat,3,5,2025-04-05
TRX0143,2025-04-14 21:18:46,C021,P046,1,195000,195000,5,9750,0,0,185250,Transfer Bank,Lunas,Diterima,Instagram,,3,4,2025-04-17
TRX0144,2025-04-03 20:00:54,C099,P040,1,65000,65000,15,9750,0,45000,100250,Transfer Bank,Lunas,Diterima,Instagram,,4,4,2025-04-07
TRX0145,2025-04-01 13:24:22,C074,P020,2,215000,430000,0,0,0,15000,445000,E-wallet,Lunas,Diterima,Marketplace,,2,2,2025-04-03
TRX0146,2025-04-03 16:55:47,C031,P015,1,205000,205000,0,0,0,20000,225000,Transfer Bank,Lunas,Diterima,WhatsApp,,2,3,2025-04-05
TRX0147,2025-04-27 14:55:52,C029,P047,1,85000,85000,0,0,0,20000,105000,Transfer Bank,Lunas,Diterima,Instagram,,2,5,2025-04-29
TRX0148,2025-04-27 20:28:16,C115,P048,2,48000,96000,0,0,0,15000,111000,Transfer Bank,Lunas,Diterima,Marketplace,,3,4,2025-04-30
TRX0149,2025-04-11 11:41:27,C049,P025,1,165000,165000,0,0,0,20000,185000,Transfer Bank,Lunas,Diterima,WhatsApp,,5,5,2025-04-16
TRX0150,2025-04-17 13:41:41,C087,P034,1,485000,485000,5,24250,0,20000,480750,Transfer Bank,Lunas,Diterima,Instagram,,6,5,2025-04-23
TRX0151,2025-04-23 13:28:19,C144,P008,1,145000,145000,0,0,0,35000,180000,Transfer Bank,Lunas,Diterima,Marketplace,Pengerjaan dipercepat,3,4,2025-04-26
TRX0152,2025-04-06 11:34:21,C070,P039,1,275000,275000,0,0,0,0,275000,Transfer Bank,Lunas,Diterima,Instagram,,5,5,2025-04-11
TRX0153,2025-04-12 20:02:44,C012,P001,1,85000,85000,0,0,25000,25000,135000,Transfer Bank,DP,Diterima,Marketplace,,4,5,2025-04-16
TRX0154,2025-04-11 16:26:38,C119,P032,1,465000,465000,0,0,0,45000,510000,Transfer Bank,Lunas,Diterima,Offline,,4,4,2025-04-15
TRX0155,2025-05-25 11:05:07,C001,P037,1,95000,95000,0,0,0,25000,120000,Transfer Bank,Lunas,Diterima,WhatsApp,Kirim via JNE,3,5,2025-05-28
TRX0156,2025-05-07 11:22:37,C082,P010,1,175000,175000,0,0,75000,0,250000,COD,Belum Bayar,Dibatalkan,Instagram,Pengerjaan dipercepat,0,,
TRX0157,2025-05-26 12:25:19,C121,P015,1,205000,205000,0,0,0,10000,215000,Transfer Bank,Lunas,Diterima,Instagram,Kirim via JNE,5,5,2025-05-31
TRX0158,2025-05-13 12:23:00,C161,P017,1,425000,425000,0,0,0,15000,440000,E-wallet,Lunas,Diterima,Instagram,,3,4,2025-05-16
TRX0159,2025-05-14 14:22:26,C007,P018,1,485000,485000,0,0,0,35000,520000,Transfer Bank,Lunas,Diterima,WhatsApp,,3,5,2025-05-17
TRX0160,2025-05-27 14:15:57,C143,P009,1,135000,135000,0,0,25000,25000,185000,E-wallet,Lunas,Diterima,WhatsApp,,2,5,2025-05-29
TRX0161,2025-05-27 13:41:06,C173,P049,1,72000,72000,0,0,0,20000,92000,Transfer Bank,Lunas,Diterima,Instagram,,6,5,2025-06-02
TRX0162,2025-05-04 19:06:57,C089,P046,1,195000,195000,0,0,0,35000,230000,Transfer Bank,DP,Selesai,Instagram,,5,5,2025-05-09
TRX0163,2025-05-19 19:08:25,C154,P006,3,55000,165000,0,0,0,10000,175000,E-wallet,Lunas,Diterima,WhatsApp,,3,3,2025-05-22
TRX0164,2025-05-01 15:43:42,C090,P036,2,175000,350000,5,17500,0,25000,357500,E-wallet,Lunas,Diterima,WhatsApp,,3,5,2025-05-04
TRX0165,2025-05-19 15:40:48,C025,P045,1,245000,245000,0,0,0,10000,255000,Transfer Bank,DP,Proses,WhatsApp,,3,,
TRX0166,2025-05-03 12:35:45,C030,P028,3,525000,1575000,0,0,0,15000,1590000,Transfer Bank,Lunas,Diterima,Marketplace,,3,3,2025-05-06
TRX0167,2025-05-20 11:08:08,C162,P016,1,350000,350000,10,35000,0,15000,330000,E-wallet,Lunas,Diterima,WhatsApp,,3,5,2025-05-23
TRX0168,2025-05-02 15:23:49,C175,P011,1,95000,95000,0,0,50000,15000,160000,Transfer Bank,Lunas,Diterima,Offline,,4,5,2025-05-06
TRX0169,2025-05-01 13:37:37,C133,P017,1,425000,425000,0,0,0,10000,435000,E-wallet,Lunas,Diterima,WhatsApp,,3,5,2025-05-04
TRX0170,2025-05-11 19:37:15,C161,P029,1,595000,595000,10,59500,0,15000,550500,Transfer Bank,Lunas,Diterima,WhatsApp,,3,4,2025-05-14
TRX0171,2025-05-07 21:07:44,C033,P017,1,425000,425000,0,0,0,0,425000,Transfer Bank,Lunas,Diterima,Instagram,,2,4,2025-05-09
TRX0172,2025-05-12 21:24:25,C134,P009,1,135000,135000,0,0,0,25000,160000,Transfer Bank,Lunas,Diterima,Marketplace,Custom sesuai foto,2,4,2025-05-14
TRX0173,2025-05-13 14:47:00,C015,P021,1,185000,185000,0,0,0,35000,220000,E-wallet,Lunas,Diterima,Instagram,,4,5,2025-05-17
TRX0174,2025-05-19 13:49:12,C065,P044,1,75000,75000,0,0,0,15000,90000,E-wallet,DP,Diterima,WhatsApp,,3,5,2025-05-22
TRX0175,2025-05-05 10:41:35,C041,P012,1,115000,115000,0,0,50000,20000,185000,Transfer Bank,Lunas,Diterima,WhatsApp,,2,5,2025-05-07
TRX0176,2025-05-27 14:12:18,C057,P047,3,85000,255000,0,0,0,0,255000,Transfer Bank,Lunas,Diterima,Marketplace,,5,5,2025-06-01
TRX0177,2025-05-20 21:22:36,C088,P028,2,525000,1050000,0,0,0,15000,1065000,E-wallet,Lunas,Diterima,WhatsApp,,6,5,2025-05-26
TRX0178,2025-05-06 14:12:02,C084,P036,1,175000,175000,0,0,0,10000,185000,Transfer Bank,Lunas,Selesai,Instagram,,4,4,2025-05-10
TRX0179,2025-05-03 20:57:18,C113,P035,1,545000,545000,15,81750,0,15000,478250,Transfer Bank,Lunas,Diterima,Marketplace,,3,3,2025-05-06
TRX0180,2025-06-05 17:09:03,C121,P023,1,395000,395000,0,0,0,10000,405000,Transfer Bank,DP,Diterima,Marketplace,,4,5,2025-06-09
TRX0181,2025-06-16 08:47:31,C113,P047,1,85000,85000,0,0,0,15000,100000,COD,Belum Bayar,Dikirim,Offline,,1,,
TRX0182,2025-06-05 13:33:32,C020,P047,1,85000,85000,0,0,0,35000,120000,Transfer Bank,Lunas,Diterima,WhatsApp,,3,3,2025-06-08
TRX0183,2025-06-06 08:57:24,C030,P014,1,185000,185000,0,0,0,20000,205000,COD,Belum Bayar,Proses,Instagram,,3,,
TRX0184,2025-06-26 13:38:03,C107,P028,2,525000,1050000,0,0,0,15000,1065000,E-wallet,Lunas,Diterima,Instagram,Mohon dikemas rapi,3,4,2025-06-29
TRX0185,2025-06-03 20:10:27,C163,P017,1,425000,425000,0,0,0,15000,440000,COD,Lunas,Selesai,WhatsApp,,4,4,2025-06-07
TRX0186,2025-06-10 14:44:25,C056,P022,1,585000,585000,0,0,0,25000,610000,Transfer Bank,Lunas,Diterima,Offline,,7,3,2025-06-17
TRX0187,2025-06-20 21:54:46,C077,P002,1,125000,125000,0,0,0,15000,140000,COD,Belum Bayar,Diterima,WhatsApp,Custom sesuai foto,3,4,2025-06-23
TRX0188,2025-06-25 12:20:49,C105,P027,1,385000,385000,0,0,0,0,385000,Transfer Bank,Lunas,Diterima,Marketplace,,5,5,2025-06-30
TRX0189,2025-06-03 11:04:56,C070,P045,2,245000,490000,0,0,0,15000,505000,E-wallet,Lunas,Diterima,Instagram,,4,5,2025-06-07
TRX0190,2025-06-14 17:26:24,C016,P008,1,145000,145000,0,0,0,0,145000,Transfer Bank,Lunas,Dikirim,WhatsApp,,6,,
TRX0191,2025-06-12 14:57:09,C064,P022,1,585000,585000,0,0,0,15000,600000,E-wallet,DP,Diterima,WhatsApp,,4,5,2025-06-16
TRX0192,2025-06-13 14:23:51,C034,P025,1,165000,165000,15,24750,0,15000,155250,E-wallet,Lunas,Dikirim,Instagram,Mohon dikemas rapi,3,,
TRX0193,2025-06-18 10:44:32,C085,P045,1,245000,245000,0,0,0,10000,255000,E-wallet,Lunas,Diterima,WhatsApp,,4,4,2025-06-22
TRX0194,2025-06-18 14:49:38,C024,P034,1,485000,485000,20,97000,0,45000,433000,Transfer Bank,DP,Dikirim,Instagram,,3,,
TRX0195,2025-06-05 14:24:33,C177,P046,3,195000,585000,0,0,0,35000,620000,COD,Lunas,Diterima,WhatsApp,,2,5,2025-06-07
TRX0196,2025-06-12 12:59:42,C026,P013,1,165000,165000,0,0,50000,25000,240000,E-wallet,DP,Diterima,Instagram,,5,4,2025-06-17
TRX0197,2025-06-08 19:44:37,C040,P019,1,625000,625000,0,0,0,10000,635000,Transfer Bank,DP,Dibatalkan,Instagram,,0,,
TRX0198,2025-06-27 16:55:11,C062,P029,1,595000,595000,0,0,0,25000,620000,E-wallet,Lunas,Dibatalkan,WhatsApp,,0,,
TRX0199,2025-06-16 14:11:39,C009,P043,1,68000,68000,0,0,0,0,68000,E-wallet,Lunas,Selesai,WhatsApp,,6,3,2025-06-22
TRX0200,2025-06-08 21:59:34,C055,P036,3,175000,525000,0,0,0,25000,550000,E-wallet,Lunas,Diterima,WhatsApp,Kirim via JNE,2,4,2025-06-10
TRX0201,2025-06-02 14:24:22,C165,P005,1,225000,225000,0,0,75000,45000,345000,E-wallet,Belum Bayar,Diterima,WhatsApp,,7,3,2025-06-09
TRX0202,2025-06-02 14:05:40,C097,P032,2,465000,930000,0,0,0,0,930000,E-wallet,Lunas,Selesai,WhatsApp,,6,5,2025-06-08
TRX0203,2025-06-20 13:03:03,C153,P015,1,205000,205000,0,0,0,15000,220000,Transfer Bank,Lunas,Proses,Instagram,,5,,
TRX0204,2025-06-20 11:22:31,C029,P008,1,145000,145000,0,0,0,25000,170000,E-wallet,Lunas,Diterima,Marketplace,,1,5,2025-06-21
TRX0205,2025-06-08 10:04:12,C125,P027,1,385000,385000,0,0,0,45000,430000,Transfer Bank,Lunas,Diterima,WhatsApp,,3,3,2025-06-11
TRX0206,2025-06-26 21:27:50,C169,P017,1,425000,425000,0,0,0,25000,450000,Transfer Bank,Lunas,Selesai,Marketplace,,1,5,2025-06-27
TRX0207,2025-06-17 21:45:09,C114,P015,1,205000,205000,10,20500,0,0,184500,Transfer Bank,Lunas,Diterima,WhatsApp,Custom sesuai foto,6,4,2025-06-23
TRX0208,2025-06-24 10:06:56,C157,P031,1,395000,395000,15,59250,0,0,335750,COD,Lunas,Dibatalkan,Instagram,Pengerjaan dipercepat,0,,
TRX0209,2025-06-21 10:38:03,C104,P050,1,165000,165000,0,0,0,45000,210000,Transfer Bank,Lunas,Diterima,WhatsApp,,6,4,2025-06-27
TRX0210,2025-06-04 11:00:54,C102,P015,1,205000,205000,5,10250,0,15000,209750,Transfer Bank,Lunas,Diterima,Instagram,,4,3,2025-06-08
TRX0211,2025-06-04 18:12:36,C036,P046,2,195000,390000,0,0,0,35000,425000,E-wallet,Lunas,Diterima,Instagram,,4,5,2025-06-08
TRX0212,2025-06-13 17:39:20,C061,P048,1,48000,48000,0,0,0,15000,63000,E-wallet,Lunas,Dibatalkan,Marketplace,,0,,
TRX0213,2025-06-18 13:55:57,C148,P046,3,195000,585000,0,0,0,15000,600000,Transfer Bank,Lunas,Diterima,WhatsApp,,4,5,2025-06-22
TRX0214,2025-06-05 15:48:21,C046,P020,1,215000,215000,0,0,0,25000,240000,Transfer Bank,Lunas,Diterima,WhatsApp,,4,5,2025-06-09
TRX0215,2025-06-17 12:02:01,C155,P030,1,425000,425000,0,0,0,15000,440000,COD,Lunas,Diterima,Instagram,,2,4,2025-06-19
TRX0216,2025-07-10 12:42:42,C051,P027,1,385000,385000,0,0,0,35000,420000,Transfer Bank,Lunas,Proses,Instagram,,5,,
TRX0217,2025-07-25 17:54:10,C014,P028,2,525000,1050000,20,210000,0,10000,850000,COD,Belum Bayar,Diterima,WhatsApp,,5,4,2025-07-30
TRX0218,2025-07-13 15:11:57,C029,P025,1,165000,165000,0,0,0,20000,185000,Transfer Bank,Lunas,Dibatalkan,Marketplace,,0,,
TRX0219,2025-07-17 13:09:22,C082,P031,2,395000,790000,0,0,0,0,790000,Transfer Bank,Lunas,Diterima,WhatsApp,Mohon dikemas rapi,4,5,2025-07-21
TRX0220,2025-07-12 12:51:18,C008,P026,1,450000,450000,10,45000,0,25000,430000,COD,Lunas,Diterima,Instagram,,5,5,2025-07-17
TRX0221,2025-07-11 10:20:28,C164,P007,1,285000,285000,20,57000,0,15000,243000,Transfer Bank,Lunas,Diterima,WhatsApp,,5,3,2025-07-16
TRX0222,2025-07-14 13:25:16,C067,P011,1,95000,95000,0,0,75000,10000,180000,E-wallet,Lunas,Dibatalkan,WhatsApp,Mohon dikemas rapi,0,,
TRX0223,2025-07-08 19:31:42,C150,P024,1,245000,245000,0,0,0,10000,255000,Transfer Bank,Lunas,Diterima,Marketplace,,5,2,2025-07-13
TRX0224,2025-07-27 11:42:40,C168,P027,1,385000,385000,0,0,0,0,385000,E-wallet,Lunas,Diterima,Marketplace,,5,3,2025-08-01
TRX0225,2025-07-10 20:44:02,C145,P009,1,135000,135000,15,20250,0,0,114750,Transfer Bank,Belum Bayar,Diterima,WhatsApp,,4,4,2025-07-14
TRX0226,2025-07-01 14:48:44,C173,P038,1,185000,185000,0,0,0,25000,210000,Transfer Bank,Lunas,Selesai,WhatsApp,,5,5,2025-07-06
TRX0227,2025-07-08 20:18:56,C093,P012,3,115000,345000,0,0,0,0,345000,E-wallet,Lunas,Diterima,WhatsApp,,3,5,2025-07-11
TRX0228,2025-07-09 18:31:10,C113,P029,1,595000,595000,0,0,0,15000,610000,E-wallet,Lunas,Diterima,Instagram,,3,5,2025-07-12
TRX0229,2025-07-13 12:56:23,C146,P032,1,465000,465000,0,0,0,20000,485000,Transfer Bank,Belum Bayar,Diterima,Instagram,,5,5,2025-07-18
TRX0230,2025-07-04 12:34:47,C162,P004,1,195000,195000,0,0,0,15000,210000,Transfer Bank,Lunas,Diterima,Marketplace,Kirim via JNE,2,5,2025-07-06
TRX0231,2025-07-09 20:57:50,C045,P046,2,195000,390000,0,0,0,25000,415000,COD,Lunas,Diterima,WhatsApp,,4,5,2025-07-13
TRX0232,2025-07-09 21:22:03,C120,P033,1,435000,435000,0,0,0,20000,455000,Transfer Bank,Lunas,Dibatalkan,Instagram,,0,,
TRX0233,2025-07-13 15:38:40,C153,P011,1,95000,95000,0,0,50000,0,145000,E-wallet,Lunas,Diterima,Marketplace,,1,4,2025-07-14
TRX0234,2025-07-13 12:31:12,C009,P041,2,55000,110000,0,0,0,0,110000,Transfer Bank,Lunas,Selesai,Marketplace,,3,4,2025-07-16
TRX0235,2025-07-12 08:09:26,C177,P022,1,585000,585000,0,0,0,35000,620000,E-wallet,Lunas,Selesai,WhatsApp,,5,5,2025-07-17
TRX0236,2025-07-19 19:42:29,C171,P006,1,55000,55000,10,5500,0,0,49500,E-wallet,Lunas,Diterima,Instagram,,7,5,2025-07-26
TRX0237,2025-07-19 13:36:23,C161,P047,1,85000,85000,0,0,0,15000,100000,E-wallet,Belum Bayar,Diterima,WhatsApp,,3,5,2025-07-22
TRX0238,2025-07-14 14:46:05,C066,P030,1,425000,425000,0,0,0,35000,460000,E-wallet,Lunas,Diterima,Marketplace,,6,5,2025-07-20
TRX0239,2025-07-02 18:01:43,C073,P034,1,485000,485000,0,0,0,0,485000,E-wallet,Lunas,Diterima,Offline,,3,5,2025-07-05
TRX0240,2025-07-12 19:46:40,C078,P009,1,135000,135000,0,0,0,25000,160000,COD,Lunas,Diterima,Marketplace,,6,5,2025-07-18
TRX0241,2025-07-12 17:37:18,C154,P019,2,625000,1250000,0,0,0,0,1250000,Transfer Bank,Lunas,Diterima,Marketplace,,4,4,2025-07-16
TRX0242,2025-07-07 11:47:15,C126,P048,1,48000,48000,5,2400,0,0,45600,E-wallet,Lunas,Diterima,Instagram,,1,5,2025-07-08
TRX0243,2025-07-20 12:34:38,C152,P003,2,155000,310000,0,0,0,35000,345000,COD,Belum Bayar,Diterima,WhatsApp,Custom sesuai foto,2,4,2025-07-22
TRX0244,2025-07-16 21:02:44,C093,P004,1,195000,195000,0,0,0,10000,205000,Transfer Bank,Lunas,Diterima,WhatsApp,,2,5,2025-07-18
TRX0245,2025-07-26 21:58:36,C008,P049,1,72000,72000,0,0,0,45000,117000,Transfer Bank,Lunas,Diterima,WhatsApp,,5,4,2025-07-31
TRX0246,2025-07-15 13:30:48,C121,P006,2,55000,110000,0,0,0,15000,125000,Transfer Bank,Lunas,Dikirim,Marketplace,,3,,
TRX0247,2025-07-02 19:13:52,C157,P049,1,72000,72000,0,0,0,0,72000,Transfer Bank,Lunas,Selesai,Marketplace,Mohon dikemas rapi,2,4,2025-07-04
TRX0248,2025-07-20 18:54:00,C096,P017,1,425000,425000,0,0,0,0,425000,COD,Belum Bayar,Diterima,WhatsApp,,2,5,2025-07-22
TRX0249,2025-07-28 15:23:43,C130,P044,3,75000,225000,0,0,0,15000,240000,Transfer Bank,Lunas,Diterima,Marketplace,Custom sesuai foto,4,5,2025-08-01
TRX0250,2025-07-05 10:44:28,C165,P008,2,145000,290000,0,0,0,35000,325000,Transfer Bank,Lunas,Diterima,WhatsApp,,2,5,2025-07-07
TRX0251,2025-08-16 16:07:41,C060,P047,1,85000,85000,0,0,0,15000,100000,E-wallet,Lunas,Diterima,Instagram,,3,4,2025-08-19
TRX0252,2025-08-08 14:05:00,C155,P023,1,395000,395000,15,59250,0,15000,350750,E-wallet,Lunas,Diterima,WhatsApp,Kirim via JNE,3,4,2025-08-11
TRX0253,2025-08-12 17:29:59,C107,P046,2,195000,390000,0,0,0,10000,400000,E-wallet,Lunas,Diterima,WhatsApp,,3,5,2025-08-15
TRX0254,2025-08-21 12:24:08,C121,P018,1,485000,485000,20,97000,0,0,388000,Transfer Bank,Lunas,Diterima,Marketplace,,5,5,2025-08-26
TRX0255,2025-08-23 20:04:42,C123,P019,1,625000,625000,10,62500,0,10000,572500,Transfer Bank,Lunas,Diterima,Instagram,,5,3,2025-08-28
TRX0256,2025-08-03 19:44:08,C143,P049,1,72000,72000,0,0,0,35000,107000,E-wallet,Lunas,Diterima,WhatsApp,Custom sesuai foto,7,5,2025-08-10
TRX0257,2025-08-05 12:13:00,C130,P039,1,275000,275000,0,0,0,0,275000,Transfer Bank,Lunas,Diterima,WhatsApp,,6,1,2025-08-11
TRX0258,2025-08-05 10:09:45,C167,P001,1,85000,85000,0,0,0,0,85000,Transfer Bank,Lunas,Selesai,Instagram,,5,4,2025-08-10
TRX0259,2025-08-01 11:29:52,C098,P024,1,245000,245000,10,24500,0,15000,235500,Transfer Bank,Lunas,Diterima,Instagram,,6,4,2025-08-07
TRX0260,2025-08-11 12:24:35,C080,P006,1,55000,55000,0,0,0,15000,70000,Transfer Bank,Lunas,Diterima,Instagram,Custom sesuai foto,3,5,2025-08-14
TRX0261,2025-08-26 14:43:59,C094,P048,2,48000,96000,0,0,0,10000,106000,Transfer Bank,Lunas,Diterima,Marketplace,Mohon dikemas rapi,3,3,2025-08-29
TRX0262,2025-08-22 14:30:53,C097,P022,3,585000,1755000,0,0,0,0,1755000,E-wallet,Lunas,Diterima,WhatsApp,,4,5,2025-08-26
TRX0263,2025-08-13 14:45:27,C019,P010,2,175000,350000,20,70000,0,25000,305000,E-wallet,Lunas,Diterima,Offline,,7,5,2025-08-20
TRX0264,2025-08-25 20:22:32,C176,P043,1,68000,68000,0,0,0,0,68000,Transfer Bank,Lunas,Diterima,WhatsApp,,4,4,2025-08-29
TRX0265,2025-08-01 13:48:32,C117,P042,1,85000,85000,0,0,0,25000,110000,E-wallet,Lunas,Diterima,WhatsApp,,3,5,2025-08-04
TRX0266,2025-08-04 11:14:09,C110,P022,1,585000,585000,0,0,0,15000,600000,Transfer Bank,Lunas,Diterima,WhatsApp,Mohon dikemas rapi,3,4,2025-08-07
TRX0267,2025-08-17 19:53:16,C012,P018,1,485000,485000,0,0,0,35000,520000,E-wallet,Lunas,Diterima,Marketplace,,6,5,2025-08-23
TRX0268,2025-08-22 13:40:15,C091,P038,1,185000,185000,0,0,0,45000,230000,Transfer Bank,Lunas,Diterima,WhatsApp,,3,5,2025-08-25
TRX0269,2025-08-14 21:22:00,C132,P003,1,155000,155000,0,0,75000,45000,275000,E-wallet,Belum Bayar,Diterima,WhatsApp,,2,5,2025-08-16
TRX0270,2025-08-08 20:48:38,C114,P005,1,225000,225000,0,0,25000,0,250000,E-wallet,Lunas,Diterima,Instagram,,4,4,2025-08-12
TRX0271,2025-08-10 13:00:48,C174,P020,1,215000,215000,0,0,0,25000,240000,COD,Lunas,Selesai,WhatsApp,,1,4,2025-08-11
TRX0272,2025-08-04 09:34:00,C142,P025,2,165000,330000,0,0,0,15000,345000,E-wallet,Lunas,Diterima,Instagram,,3,4,2025-08-07
TRX0273,2025-08-23 19:00:04,C028,P030,1,425000,425000,0,0,0,10000,435000,Transfer Bank,Lunas,Diterima,WhatsApp,,3,4,2025-08-26
TRX0274,2025-08-02 19:23:08,C177,P032,1,465000,465000,0,0,0,25000,490000,Transfer Bank,Lunas,Diterima,WhatsApp,,3,4,2025-08-05
TRX0275,2025-08-22 11:41:46,C034,P004,1,195000,195000,0,0,50000,20000,265000,Transfer Bank,DP,Diterima,WhatsApp,,4,4,2025-08-26
TRX0276,2025-08-17 11:06:14,C064,P013,1,165000,165000,0,0,0,10000,175000,Transfer Bank,Lunas,Diterima,Marketplace,,2,4,2025-08-19
TRX0277,2025-08-12 17:40:26,C115,P009,1,135000,135000,0,0,50000,15000,200000,Transfer Bank,Lunas,Diterima,Instagram,,3,2,2025-08-15
TRX0278,2025-08-20 21:02:13,C015,P003,2,155000,310000,0,0,0,45000,355000,Transfer Bank,Belum Bayar,Diterima,WhatsApp,,5,4,2025-08-25
TRX0279,2025-08-02 14:34:54,C052,P038,1,185000,185000,0,0,0,25000,210000,E-wallet,Lunas,Diterima,Instagram,,4,4,2025-08-06
TRX0280,2025-09-17 10:37:20,C012,P021,1,185000,185000,0,0,0,35000,220000,Transfer Bank,Lunas,Dibatalkan,Instagram,,0,,
TRX0281,2025-09-15 14:49:23,C112,P043,2,68000,136000,15,20400,0,35000,150600,Transfer Bank,Lunas,Diterima,Marketplace,,5,3,2025-09-20
TRX0282,2025-09-17 12:56:33,C126,P047,2,85000,170000,0,0,0,15000,185000,COD,Lunas,Diterima,WhatsApp,,5,5,2025-09-22
TRX0283,2025-09-02 20:39:30,C065,P050,2,165000,330000,0,0,0,10000,340000,E-wallet,Lunas,Selesai,WhatsApp,Pengerjaan dipercepat,3,5,2025-09-05
TRX0284,2025-09-13 17:45:30,C033,P046,1,195000,195000,0,0,0,10000,205000,Transfer Bank,Lunas,Diterima,WhatsApp,,5,3,2025-09-18
TRX0285,2025-09-16 12:32:53,C032,P011,2,95000,190000,0,0,0,35000,225000,E-wallet,DP,Selesai,WhatsApp,Kirim via JNE,4,5,2025-09-20
TRX0286,2025-09-03 18:09:47,C010,P019,1,625000,625000,15,93750,0,20000,551250,E-wallet,Lunas,Diterima,WhatsApp,Mohon dikemas rapi,3,5,2025-09-06
TRX0287,2025-09-27 11:15:18,C086,P041,2,55000,110000,0,0,0,10000,120000,Transfer Bank,Lunas,Dikirim,WhatsApp,,3,,
TRX0288,2025-09-06 10:47:29,C015,P044,1,75000,75000,0,0,0,35000,110000,Transfer Bank,Lunas,Diterima,WhatsApp,Custom sesuai foto,5,5,2025-09-11
TRX0289,2025-09-01 18:28:17,C114,P050,1,165000,165000,0,0,0,10000,175000,Transfer Bank,Belum Bayar,Diterima,Offline,,3,4,2025-09-04
TRX0290,2025-09-05 10:33:43,C104,P026,1,450000,450000,0,0,0,35000,485000,E-wallet,Lunas,Diterima,WhatsApp,,3,1,2025-09-08
TRX0291,2025-09-17 14:18:08,C085,P017,1,425000,425000,0,0,0,10000,435000,E-wallet,Lunas,Diterima,Marketplace,,4,4,2025-09-21
TRX0292,2025-09-19 13:43:22,C018,P029,3,595000,1785000,0,0,0,0,1785000,E-wallet,Lunas,Diterima,WhatsApp,,2,5,2025-09-21
TRX0293,2025-09-28 09:08:43,C119,P048,2,48000,96000,0,0,0,45000,141000,E-wallet,Lunas,Diterima,Instagram,,3,5,2025-10-01
TRX0294,2025-09-20 20:05:57,C144,P045,1,245000,245000,0,0,0,25000,270000,Transfer Bank,Belum Bayar,Dibatalkan,Instagram,Kirim via JNE,0,,
TRX0295,2025-09-22 12:25:16,C100,P006,1,55000,55000,0,0,0,10000,65000,Transfer Bank,Lunas,Diterima,Instagram,,6,5,2025-09-28
TRX0296,2025-10-03 11:40:07,C109,P034,3,485000,1455000,0,0,0,15000,1470000,E-wallet,Belum Bayar,Diterima,WhatsApp,,3,5,2025-10-06
TRX0297,2025-10-12 16:47:21,C029,P040,3,65000,195000,0,0,0,20000,215000,E-wallet,Lunas,Selesai,Instagram,,5,4,2025-10-17
TRX0298,2025-10-08 16:21:34,C130,P024,1,245000,245000,0,0,0,10000,255000,Transfer Bank,Lunas,Diterima,WhatsApp,,1,4,2025-10-09
TRX0299,2025-10-09 21:51:56,C143,P041,1,55000,55000,0,0,0,25000,80000,COD,Lunas,Diterima,Marketplace,,4,5,2025-10-13
TRX0300,2025-10-03 19:41:26,C137,P032,1,465000,465000,0,0,0,0,465000,COD,Lunas,Diterima,WhatsApp,,3,5,2025-10-06
TRX0301,2025-10-25 20:36:58,C172,P020,1,215000,215000,0,0,0,35000,250000,COD,Belum Bayar,Diterima,Instagram,,4,5,2025-10-29
TRX0302,2025-10-08 19:54:44,C135,P002,1,125000,125000,0,0,0,15000,140000,E-wallet,Lunas,Diterima,WhatsApp,,4,5,2025-10-12
TRX0303,2025-10-04 18:55:03,C125,P050,2,165000,330000,0,0,0,25000,355000,Transfer Bank,Lunas,Diterima,Instagram,Kirim via JNE,2,5,2025-10-06
TRX0304,2025-10-16 12:01:14,C177,P005,1,225000,225000,0,0,0,45000,270000,Transfer Bank,Lunas,Diterima,Instagram,Kirim via JNE,3,5,2025-10-19
TRX0305,2025-10-11 17:25:41,C007,P002,1,125000,125000,0,0,0,35000,160000,Transfer Bank,Lunas,Diterima,Offline,,2,3,2025-10-13
TRX0306,2025-10-10 14:03:50,C141,P003,1,155000,155000,0,0,0,35000,190000,Transfer Bank,Lunas,Diterima,WhatsApp,,3,5,2025-10-13
TRX0307,2025-10-07 20:16:23,C013,P044,1,75000,75000,0,0,0,0,75000,COD,Lunas,Diterima,WhatsApp,,7,5,2025-10-14
TRX0308,2025-10-06 08:19:05,C128,P018,1,485000,485000,0,0,0,10000,495000,E-wallet,Lunas,Diterima,Instagram,Custom sesuai foto,3,3,2025-10-09
TRX0309,2025-10-26 19:04:15,C091,P036,1,175000,175000,20,35000,0,45000,185000,Transfer Bank,Lunas,Diterima,Instagram,,3,1,2025-10-29
TRX0310,2025-10-12 18:22:50,C145,P036,1,175000,175000,0,0,0,15000,190000,Transfer Bank,Belum Bayar,Diterima,WhatsApp,,5,5,2025-10-17
TRX0311,2025-10-13 12:53:06,C012,P034,1,485000,485000,0,0,0,35000,520000,Transfer Bank,Lunas,Dibatalkan,Offline,,0,,
TRX0312,2025-10-27 12:56:05,C123,P032,2,465000,930000,0,0,0,10000,940000,COD,Belum Bayar,Diterima,WhatsApp,Custom sesuai foto,4,5,2025-10-31
TRX0313,2025-10-01 11:39:18,C084,P014,2,185000,370000,0,0,50000,15000,435000,Transfer Bank,Lunas,Selesai,Offline,,5,5,2025-10-06
TRX0314,2025-10-10 11:23:47,C068,P044,1,75000,75000,0,0,0,20000,95000,Transfer Bank,Lunas,Diterima,WhatsApp,,3,5,2025-10-13
TRX0315,2025-10-05 10:32:49,C161,P016,1,350000,350000,0,0,0,10000,360000,Transfer Bank,Lunas,Selesai,Marketplace,Kirim via JNE,2,5,2025-10-07
TRX0316,2025-10-21 19:23:25,C170,P039,1,275000,275000,0,0,0,0,275000,Transfer Bank,Lunas,Diterima,Marketplace,,4,3,2025-10-25
TRX0317,2025-10-07 11:39:15,C054,P029,1,595000,595000,0,0,0,25000,620000,E-wallet,DP,Diterima,Instagram,,6,5,2025-10-13
TRX0318,2025-10-22 14:02:17,C077,P026,1,450000,450000,0,0,0,10000,460000,E-wallet,Lunas,Selesai,Marketplace,,5,4,2025-10-27
TRX0319,2025-10-01 19:07:25,C073,P047,1,85000,85000,20,17000,0,10000,78000,Transfer Bank,Lunas,Dibatalkan,WhatsApp,,0,,
TRX0320,2025-10-13 20:55:37,C005,P035,1,545000,545000,0,0,0,45000,590000,Transfer Bank,DP,Diterima,Marketplace,,2,5,2025-10-15
